Italy,"59,133.20"
Nord-Ovest,"15,865.60"
Piemonte,"4,265.60"
Valle d’Aosta/Vallée d’Aoste,123.7
Liguria,"1,513.90"
Lombardia,"9,962.40"
Sud,"13,525.50"
Abruzzo,"1,278.50"
Molise,293.2
Campania,"5,624.30"
Puglia,"3,928.40"
Basilicata,543.1
Calabria,"1,858"
Isole,"6,422.20"
Sicilia,"4,833.50"
Sardegna,"1,588.70"
Nord-Est,"11,565.70"
Provincia Autonoma di Bolzano/Bozen,533.8
Provincia Autonoma di Trento,541.6
Veneto,"4,858.80"
Friuli-Venezia Giulia,"1,198.10"
Emilia-Romagna,"4,433.40"
Centro (IT),"11,754.20"
Toscana,"3,678"
Umbria,862.1
Marche,"1,491.50"
Lazio,"5,722.60"
Hungary,"9,709.89"
Közép-Magyarország,"3,032.76"
Budapest,"1,715.34"
Pest,"1,317.42"
Dunántúl,"2,922.64"
Közép-Dunántúl,"1,057.94"
Nyugat-Dunántúl,997
Dél-Dunántúl,867.7
Alföld és Észak,"3,754.49"
Észak-Magyarország,"1,107.16"
Észak-Alföld,"1,429.44"
Dél-Alföld,"1,217.88"
Netherlands,"17,533"
Noord-Nederland,"1,738"
Groningen,589
Friesland (NL),653
Drenthe,496
Oost-Nederland,"3,704"
Overijssel,"1,169"
Gelderland,"2,104"
Flevoland,431
West-Nederland,"8,391"
Utrecht (NUTS 2021),"1,331"
Noord-Holland,"2,899"
Zuid-Holland (NUTS 2021),"3,775"
Zeeland,386
Zuid-Nederland,"3,700"
Noord-Brabant,"2,583"
Limburg (NL),"1,117"
Romania,"19,126.30"
Macroregiunea Unu,"4,819.58"
Nord-Vest,"2,530.88"
Centru,"2,288.70"
Macroregiunea Doi,"5,550.49"
Nord-Est RO,"3,193.25"
Sud-Est,"2,357.25"
Macroregiunea Trei,"5,160.45"
Sud-Muntenia,"2,862.64"
Bucureşti-Ilfov,"2,297.82"
Macroregiunea Patru,"3,595.77"
Sud-Vest Oltenia,"1,881.34"
Vest,"1,714.44"
Sweden,"10,415.81"
Östra Sverige,"4,148.92"
Stockholm,"2,403.96"
Östra Mellansverige,"1,744.97"
Södra Sverige,"4,508.92"
Småland med öarna,875.98
Sydsverige,"1,554.97"
Västsverige,"2,077.96"
Norra Sverige,"1,758.97"
Norra Mellansverige,858.98
Mellersta Norrland,375.99
Övre Norrland,523.99
European Union - 27 countries (from 2020),"447,892.12"
Belgium,"11,586"
Région de Bruxelles-Capitale/Brussels Hoofdstedelijk Gewest,"1,227.47"
Région de Bruxelles-Capitale/Brussels Hoofdstedelijk Gewest,"1,227.47"
Arr. de Bruxelles-Capitale/Arr. Brussel-Hoofdstad,"1,227.47"
Vlaams Gewest,"6,687.13"
Prov. Antwerpen,"1,884.95"
Arr. Antwerpen,"1,064.77"
Arr. Mechelen,350.29
Arr. Turnhout,469.89
Prov. Limburg (BE),886.08
Arr. Tongeren,206.69
Arr. Hasselt,424.69
Arr. Maaseik,254.69
Prov. Oost-Vlaanderen,"1,539.66"
Arr. Aalst,297.49
Arr. Dendermonde,203.69
Arr. Eeklo,87.2
Arr. Gent,567.29
Arr. Oudenaarde,125.5
Arr. Sint-Niklaas,258.39
Prov. Vlaams-Brabant,"1,168.57"
Arr. Halle-Vilvoorde,653.18
Arr. Leuven,515.39
Prov. West-Vlaanderen,"1,207.97"
Arr. Brugge,283.79
Arr. Diksmuide,51.9
Arr. Ieper,107
Arr. Kortrijk,294.89
Arr. Oostende,158.3
Arr. Roeselare,155.8
Arr. Tielt,94.2
Arr. Veurne,62
Région wallonne,"3,671.40"
Prov. Brabant wallon,409.49
Arr. Nivelles,409.49
Prov. Hainaut,"1,352.26"
Arr. Mons,259.89
Arr. Tournai-Mouscron,225.59
Arr. La Louvière,141.8
Arr. Ath,129.1
Arr. Charleroi,397.39
Arr. Soignies,106.2
Arr. Thuin,92.3
Prov. Liège,"1,114.77"
Arr. Huy,114.8
Arr. Liège,627.68
Arr. Waremme,82.7
Arr. Verviers — communes francophones,210.79
Bezirk Verviers — Deutschsprachige Gemeinschaft,78.8
Prov. Luxembourg (BE),293.09
Arr. Arlon,64.5
Arr. Bastogne,50.7
Arr. Marche-en-Famenne,58.2
Arr. Neufchâteau,65.1
Arr. Virton,54.6
Prov. Namur,501.89
Arr. Dinant,113.5
Arr. Namur,320.79
Arr. Philippeville,67.6
Bulgaria,"6,877.74"
Severna i Yugoiztochna Bulgaria,"3,402.39"
Severozapaden,711.47
Vidin,80.01
Montana,123.79
Vratsa,155.67
Pleven,230.87
Lovech,121.14
Severen tsentralen,757.85
Veliko Tarnovo,227.7
Gabrovo,104.6
Ruse,210.91
Razgrad,108.79
Silistra,105.86
Severoiztochen,917.85
Varna,469.37
Dobrich,168.81
Shumen,170.6
Targovishte,109.07
Yugoiztochen,"1,015.23"
Burgas,409.23
Sliven,181.3
Yambol,115.42
Stara Zagora,309.27
Yugozapadna i Yuzhna tsentralna Bulgaria,"3,475.35"
Yugozapaden,"2,077.92"
Sofia (stolitsa),"1,307.93"
Sofia,236.04
Blagoevgrad,299.69
Pernik,119.22
Kyustendil,115.03
Yuzhen tsentralen,"1,397.43"
Plovdiv,664.65
Haskovo,221.95
Pazardzhik,249.33
Smolyan,100.6
Kardzhali,160.9
Czechia,"10,697.31"
Česko,"10,697.31"
Praha,"1,326.42"
Hlavní město Praha,"1,326.42"
Střední Čechy,"1,392.23"
Středočeský kraj,"1,392.23"
Jihozápad,"1,234.35"
Jihočeský kraj,643.65
Plzeňský kraj,590.69
Severozápad,"1,113.23"
Karlovarský kraj,294.04
Ústecký kraj,819.19
Severovýchod,"1,517.77"
Liberecký kraj,443.08
Královéhradecký kraj,551.48
Pardubický kraj,523.22
Jihovýchod,"1,703.59"
Kraj Vysočina,509.77
Jihomoravský kraj,"1,193.82"
Střední Morava,"1,212.91"
Olomoucký kraj,631.65
Zlínský kraj,581.26
Moravskoslezsko,"1,196.83"
Moravskoslezský kraj,"1,196.83"
Denmark,"5,854"
Danmark,"5,854"
Hovedstaden,"1,860"
Byen København,801
Københavns omegn,552
Nordsjælland,468
Bornholm,40
Sjælland,841
Østsjælland,253
Vest- og Sydsjælland,588
Syddanmark,"1,225"
Fyn,500
Sydjylland,725
Midtjylland,"1,336"
Vestjylland,428
Østjylland,908
Nordjylland,591
Nordjylland,591
Extra-Regio NUTS 1,0
Extra-Regio NUTS 2,0
Extra-Regio NUTS 3,0
Germany,"83,196"
Baden-Württemberg,"11,113.83"
Stuttgart,"4,151.02"
"Stuttgart, Stadtkreis",628.29
Böblingen,393.05
Esslingen,533.5
Göppingen,258.91
Ludwigsburg,544.82
Rems-Murr-Kreis,427.3
"Heilbronn, Stadtkreis",126.04
"Heilbronn, Landkreis",347.08
Hohenlohekreis,113.04
Schwäbisch Hall,198.63
Main-Tauber-Kreis,132.82
Heidenheim,132.88
Ostalbkreis,314.65
Karlsruhe,"2,810.04"
"Baden-Baden, Stadtkreis",55.49
"Karlsruhe, Stadtkreis",307.47
"Karlsruhe, Landkreis",447.67
Rastatt,232.19
"Heidelberg, Stadtkreis",158.99
"Mannheim, Stadtkreis",310.78
Neckar-Odenwald-Kreis,143.86
Rhein-Neckar-Kreis,548.63
"Pforzheim, Stadtkreis",125.77
Calw,160.42
Enzkreis,199.99
Freudenstadt,118.77
Freiburg,"2,281.04"
"Freiburg im Breisgau, Stadtkreis",231.39
Breisgau-Hochschwarzwald,265.33
Emmendingen,167.4
Ortenaukreis,433.56
Rottweil,140.31
Schwarzwald-Baar-Kreis,213.13
Tuttlingen,142.05
Konstanz,287.49
Lörrach,229.14
Waldshut,171.24
Tübingen,"1,871.74"
Reutlingen,287.83
"Tübingen, Landkreis",229.14
Zollernalbkreis,190.2
"Ulm, Stadtkreis",126.68
Alb-Donau-Kreis,198.97
Biberach,202.75
Bodenseekreis,218.39
Ravensburg,286.45
Sigmaringen,131.34
Bayern,"13,158.57"
Oberbayern,"4,724.48"
"Ingolstadt, Kreisfreie Stadt",137.48
"München, Kreisfreie Stadt","1,487.95"
"Rosenheim, Kreisfreie Stadt",63.55
Altötting,111.88
Berchtesgadener Land,106.36
Bad Tölz-Wolfratshausen,128.07
Dachau,155.28
Ebersberg,144.33
Eichstätt,133.4
Erding,139.26
Freising,180.73
Fürstenfeldbruck,218.66
Garmisch-Partenkirchen,88.26
Landsberg am Lech,121.24
Miesbach,100.08
Mühldorf a. Inn,117.04
"München, Landkreis",349.76
Neuburg-Schrobenhausen,98.12
Pfaffenhofen a. d. Ilm,129.45
"Rosenheim, Landkreis",262.54
Starnberg,136.68
Traunstein,177.97
Weilheim-Schongau,136.39
Niederbayern,"1,250.25"
"Landshut, Kreisfreie Stadt",73.11
"Passau, Kreisfreie Stadt",52.75
"Straubing, Kreisfreie Stadt",47.73
Deggendorf,120
Freyung-Grafenau,78.49
Kelheim,123.64
"Landshut, Landkreis",161.76
"Passau, Landkreis",193.77
Regen,77.24
Rottal-Inn,122.03
Straubing-Bogen,102.07
Dingolfing-Landau,97.64
Oberpfalz,"1,114.50"
"Amberg, Kreisfreie Stadt",42.02
"Regensburg, Kreisfreie Stadt",152.91
"Weiden i. d. Opf, Kreisfreie Stadt",42.5
Amberg-Sulzbach,103.14
Cham,128.27
Neumarkt i. d. OPf.,135.64
Neustadt a. d. Waldnaab,94.74
"Regensburg, Landkreis",194.75
Schwandorf,148.86
Tirschenreuth,71.67
Oberfranken,"1,062.01"
"Bamberg, Kreisfreie Stadt",77.21
"Bayreuth, Kreisfreie Stadt",73.98
"Coburg, Kreisfreie Stadt",40.9
"Hof, Kreisfreie Stadt",45.15
"Bamberg, Landkreis",147.6
"Bayreuth, Landkreis",103.66
"Coburg, Landkreis",86.56
Forchheim,116.68
"Hof, Landkreis",94.21
Kronach,66.22
Kulmbach,71.38
Lichtenfels,66.73
Wunsiedel i. Fichtelgebirge,71.73
Mittelfranken,"1,776.42"
"Ansbach, Kreisfreie Stadt",41.67
"Erlangen, Kreisfreie Stadt",112.84
"Fürth, Kreisfreie Stadt",128.67
"Nürnberg, Kreisfreie Stadt",513.09
"Schwabach, Kreisfreie Stadt",41.1
"Ansbach, Landkreis",185.8
Erlangen-Höchstadt,138.71
"Fürth, Landkreis",119.06
Nürnberger Land,171.28
Neustadt a. d. Aisch-Bad Windsheim,101.53
Roth,127.34
Weißenburg-Gunzenhausen,95.32
Unterfranken,"1,319.01"
"Aschaffenburg, Kreisfreie Stadt",71.12
"Schweinfurt, Kreisfreie Stadt",53.45
"Würzburg, Kreisfreie Stadt",126.94
"Aschaffenburg, Landkreis",174.81
Bad Kissingen,103.31
Rhön-Grabfeld,79.44
Haßberge,84.28
Kitzingen,91.84
Miltenberg,128.76
Main-Spessart,126.04
"Schweinfurt, Landkreis",115.89
"Würzburg, Landkreis",163.12
Schwaben,"1,911.91"
"Augsburg, Kreisfreie Stadt",296.15
"Kaufbeuren, Kreisfreie Stadt",44.89
"Kempten (Allgäu), Kreisfreie Stadt",69
"Memmingen, Kreisfreie Stadt",44.54
Aichach-Friedberg,135.28
"Augsburg, Landkreis",256.84
Dillingen a.d. Donau,97.58
Günzburg,127.89
Neu-Ulm,176.58
Lindau (Bodensee),82.21
Ostallgäu,142.57
Unterallgäu,146.97
Donau-Ries,134.65
Oberallgäu,156.75
Berlin,"3,670.78"
Berlin,"3,670.78"
Berlin,"3,670.78"
Brandenburg,"2,534.47"
Brandenburg,"2,534.47"
"Brandenburg an der Havel, Kreisfreie Stadt",72.25
"Cottbus, Kreisfreie Stadt",98.53
"Frankfurt (Oder), Kreisfreie Stadt",56.85
"Potsdam, Kreisfreie Stadt",182.63
Barnim,188.09
Dahme-Spreewald,174.57
Elbe-Elster,100.7
Havelland,165.3
Märkisch-Oderland,197.58
Oberhavel,215.01
Oberspreewald-Lausitz,107.98
Oder-Spree,179.26
Ostprignitz-Ruppin,98.82
Potsdam-Mittelmark,218.73
Prignitz,75.83
Spree-Neiße,112.48
Teltow-Fläming,172.05
Uckermark,117.79
Bremen,678.3
Bremen,678.3
"Bremen, Kreisfreie Stadt",564.93
"Bremerhaven, Kreisfreie Stadt",113.36
Hamburg,"1,853.21"
Hamburg,"1,853.21"
Hamburg,"1,853.21"
Hessen,"6,294.08"
Darmstadt,"4,026.59"
"Darmstadt, Kreisfreie Stadt",159.4
"Frankfurt am Main, Kreisfreie Stadt",761.66
"Offenbach am Main, Kreisfreie Stadt",131.09
"Wiesbaden, Kreisfreie Stadt",278.78
Bergstraße,271.09
Darmstadt-Dieburg,297.3
Groß-Gerau,276.06
Hochtaunuskreis,237.16
Main-Kinzig-Kreis,422.58
Main-Taunus-Kreis,239.27
Odenwaldkreis,96.85
"Offenbach, Landkreis",357
Rheingau-Taunus-Kreis,187.33
Wetteraukreis,311.01
Gießen,"1,049.75"
"Gießen, Landkreis",272.27
Lahn-Dill-Kreis,253.37
Limburg-Weilburg,172.52
Marburg-Biedenkopf,246
Vogelsbergkreis,105.59
Kassel,"1,217.74"
"Kassel, Kreisfreie Stadt",200.73
Fulda,223.3
Hersfeld-Rotenburg,120.23
"Kassel, Landkreis",237.14
Schwalm-Eder-Kreis,179.95
Waldeck-Frankenberg,156.52
Werra-Meißner-Kreis,99.88
Mecklenburg-Vorpommern,"1,610.97"
Mecklenburg-Vorpommern,"1,610.97"
"Rostock, Kreisfreie Stadt",208.73
"Schwerin, Kreisfreie Stadt",95.67
Mecklenburgische Seenplatte,257.79
Landkreis Rostock,217.43
Vorpommern-Rügen,225.64
Nordwestmecklenburg,158.21
Vorpommern-Greifswald,235.61
Ludwigslust-Parchim,211.87
Niedersachsen,"8,015.22"
Braunschweig,"1,591"
"Braunschweig, Kreisfreie Stadt",248.69
"Salzgitter, Kreisfreie Stadt",103.78
"Wolfsburg, Kreisfreie Stadt",123.89
Gifhorn,177.57
Goslar,134.37
Helmstedt,91.45
Northeim,131.77
Peine,136.4
Wolfenbüttel,119.29
Göttingen,323.78
Hannover,"2,148.78"
Diepholz,218.46
Hameln-Pyrmont,148.77
Hildesheim,275.12
Holzminden,70.03
Nienburg (Weser),121.71
Schaumburg,158.26
Region Hannover,"1,156.43"
Lüneburg,"1,727"
Celle,179.65
Cuxhaven,199.21
Harburg,256.78
Lüchow-Dannenberg,48.49
"Lüneburg, Landkreis",184.68
Osterholz,114.85
Rotenburg (Wümme),164.74
Heidekreis,141.9
Stade,205.93
Uelzen,92.73
Verden,138.04
Weser-Ems,"2,548.44"
"Delmenhorst, Kreisfreie Stadt",77.51
"Emden, Kreisfreie Stadt",49.7
"Oldenburg (Oldenburg), Kreisfreie Stadt",170
"Osnabrück, Kreisfreie Stadt",164.63
"Wilhelmshaven, Kreisfreie Stadt",75.11
Ammerland,126.06
Aurich,190.3
Cloppenburg,173.31
Emsland,330.16
Friesland (DE),98.97
Grafschaft Bentheim,138.31
Leer,171.95
"Oldenburg, Landkreis",131.78
"Osnabrück, Landkreis",360.51
Vechta,144.25
Wesermarsch,88.48
Wittmund,57.42
Nordrhein-Westfalen,"17,925.06"
Düsseldorf,"5,198.88"
"Düsseldorf, Kreisfreie Stadt",620
"Duisburg, Kreisfreie Stadt",495.52
"Essen, Kreisfreie Stadt",580.92
"Krefeld, Kreisfreie Stadt",226.95
"Mönchengladbach, Kreisfreie Stadt",260.33
"Mülheim an der Ruhr, Kreisfreie Stadt",170.83
"Oberhausen, Kreisfreie Stadt",209.16
"Remscheid, Kreisfreie Stadt",111.64
"Solingen, Kreisfreie Stadt",159.07
"Wuppertal, Kreisfreie Stadt",354.79
Kleve,314.13
Mettmann,484.37
Rhein-Kreis Neuss,452.25
Viersen,298.65
Wesel,460.27
Köln,"4,474.24"
"Bonn, Kreisfreie Stadt",331.23
"Köln, Kreisfreie Stadt","1,078.30"
"Leverkusen, Kreisfreie Stadt",163.88
Düren,265.96
Rhein-Erft-Kreis,470.75
Euskirchen,194.53
Heinsberg,257.38
Oberbergischer Kreis,271.66
Rheinisch-Bergischer Kreis,283.35
Rhein-Sieg-Kreis,600.55
Städteregion Aachen,556.65
Münster,"2,627.98"
"Bottrop, Kreisfreie Stadt",117.35
"Gelsenkirchen, Kreisfreie Stadt",259.62
"Münster, Kreisfreie Stadt",317.06
Borken,372.74
Coesfeld,221.03
Recklinghausen,613.2
Steinfurt,449.19
Warendorf,277.8
Detmold,"2,055.83"
"Bielefeld, Kreisfreie Stadt",333.76
Gütersloh,365.46
Herford,250.59
Höxter,139.86
Lippe,346.56
Minden-Lübbecke,310.74
Paderborn,308.86
Arnsberg,"3,568.14"
"Bochum, Kreisfreie Stadt",363.95
"Dortmund, Kreisfreie Stadt",587.27
"Hagen, Kreisfreie Stadt",188.7
"Hamm, Kreisfreie Stadt",179.1
"Herne, Kreisfreie Stadt",156.78
Ennepe-Ruhr-Kreis,322.64
Hochsauerlandkreis,258.82
Märkischer Kreis,407.73
Olpe,133.24
Siegen-Wittgenstein,274.92
Soest,301.66
Unna,393.34
Rheinland-Pfalz,"4,102.43"
Koblenz,"1,502.01"
"Koblenz, Kreisfreie Stadt",113.51
Ahrweiler,129.31
Altenkirchen (Westerwald),129.17
Bad Kreuznach,159.07
Birkenfeld,80.84
Mayen-Koblenz,215.12
Neuwied,183.76
Rhein-Lahn-Kreis,122.65
Westerwaldkreis,203.33
Cochem-Zell,61.66
Rhein-Hunsrück-Kreis,103.58
Trier,535.6
"Trier, Kreisfreie Stadt",110.62
Bernkastel-Wittlich,112.94
Eifelkreis Bitburg-Prüm,100.51
Vulkaneifel,60.69
Trier-Saarburg,150.85
Rheinhessen-Pfalz,"2,064.82"
"Frankenthal (Pfalz), Kreisfreie Stadt",48.76
"Kaiserslautern, Kreisfreie Stadt",99.48
"Landau in der Pfalz, Kreisfreie Stadt",46.8
"Ludwigshafen am Rhein, Kreisfreie Stadt",172.35
"Mainz, Kreisfreie Stadt",217.34
"Neustadt an der Weinstraße, Kreisfreie Stadt",53.4
"Pirmasens, Kreisfreie Stadt",40.11
"Speyer, Kreisfreie Stadt",50.65
"Worms, Kreisfreie Stadt",83.65
"Zweibrücken, Kreisfreie Stadt",34.05
Alzey-Worms,131.02
Bad Dürkheim,133.1
Donnersbergkreis,75.55
Germersheim,129.16
"Kaiserslautern, Landkreis",106.59
Kusel,70.03
Südliche Weinstraße,111.03
Rhein-Pfalz-Kreis,154.9
Mainz-Bingen,211.97
Südwestpfalz,94.87
Saarland,983.17
Saarland,983.17
Regionalverband Saarbrücken,327.39
Merzig-Wadern,103.45
Neunkirchen,131.01
Saarlouis,193.7
Saarpfalz-Kreis,141.31
St. Wendel,86.31
Sachsen,"4,049.97"
Dresden,"1,586.58"
"Dresden, Kreisfreie Stadt",555.79
Bautzen,297.15
Görlitz,249.42
Meißen,239.86
Sächsische Schweiz-Osterzgebirge,244.37
Chemnitz,"1,407.93"
"Chemnitz, Kreisfreie Stadt",243.75
Erzgebirgskreis,330.31
Mittelsachsen,300.4
Vogtlandkreis,222.64
Zwickau,310.83
Leipzig,"1,055.46"
"Leipzig, Kreisfreie Stadt",599.68
Leipzig,258.3
Nordsachsen,197.49
Sachsen-Anhalt,"2,174.97"
Sachsen-Anhalt,"2,174.97"
"Dessau-Roßlau, Kreisfreie Stadt",79.04
"Halle (Saale), Kreisfreie Stadt",237.96
"Magdeburg, Kreisfreie Stadt",235.98
Altmarkkreis Salzwedel,82.34
Anhalt-Bitterfeld,156.56
Jerichower Land,89.26
Börde,170.34
Burgenlandkreis,176.96
Harz,210.04
Mansfeld-Südharz,133
Saalekreis,183.12
Salzlandkreis,186.47
Stendal,110.12
Wittenberg,123.76
Schleswig-Holstein,"2,916.44"
Schleswig-Holstein,"2,916.44"
"Flensburg, Kreisfreie Stadt",90.52
"Kiel, Kreisfreie Stadt",246.42
"Lübeck, Kreisfreie Stadt",216.06
"Neumünster, Kreisfreie Stadt",79.7
Dithmarschen,133.61
Herzogtum Lauenburg,199.98
Nordfriesland,167.35
Ostholstein,201.75
Pinneberg,317.7
Plön,129.52
Rendsburg-Eckernförde,275.41
Schleswig-Flensburg,203.22
Segeberg,279.2
Steinburg,130.77
Stormarn,245.2
Thüringen,"2,114.55"
Thüringen,"2,114.55"
"Erfurt, Kreisfreie Stadt",213.45
"Gera, Kreisfreie Stadt",91.75
"Jena, Kreisfreie Stadt",110.62
"Suhl, Kreisfreie Stadt (NUTS 2021)",34.14
"Weimar, Kreisfreie Stadt",65.12
Eichsfeld,99.39
Nordhausen,82.07
Unstrut-Hainich-Kreis,101.48
Kyffhäuserkreis,73.24
Schmalkalden-Meiningen (NUTS 2021),120.57
Gotha,134.19
Sömmerda,68.91
Hildburghausen,62.37
Ilm-Kreis (NUTS 2021),107.57
Weimarer Land,82.2
Sonneberg (NUTS 2021),54.61
Saalfeld-Rudolstadt (NUTS 2021),103.72
Saale-Holzland-Kreis,82.66
Saale-Orla-Kreis,79.33
Greiz,96.38
Altenburger Land,88.08
"Eisenach, Kreisfreie Stadt (NUTS 2021)",41.89
Wartburgkreis (NUTS 2021),120.79
Estonia,"1,330.07"
Eesti,"1,330.07"
Eesti,"1,330.07"
Põhja-Eesti,611.3
Lääne-Eesti,146.04
Lõuna-Eesti,316.77
Kesk-Eesti,122.3
Kirde-Eesti,133.66
Ireland,"5,018.63"
Ireland,"5,018.63"
Northern and Western,890.6
Border,413.31
West,477.28
Southern,"1,670.08"
Mid-West,498.66
South-East,445.37
South-West,726.06
Eastern and Midland,"2,457.95"
Dublin,"1,419.44"
Mid-East,730.11
Midland,308.4
Greece,"10,640.41"
Attiki,"3,723.36"
Attiki,"3,723.36"
Voreios Tomeas Athinon,565.22
Dytikos Tomeas Athinon,486.03
Kentrikos Tomeas Athinon,911.83
Notios Tomeas Athinon,512.41
Anatoliki Attiki,575.88
Dytiki Attiki,188.67
"Peiraias, Nisoi",483.32
"Nisia Aigaiou, Kriti","1,209.42"
Voreio Aigaio,228.33
"Lesvos, Limnos",119.51
"Ikaria, Samos",49.67
Chios,59.16
Notio Aigaio,346.6
"Kalymnos, Karpathos – Iroiki Nisos Kasos, Kos, Rodos",220.31
"Andros, Thira, Kea, Milos, Mykonos, Naxos, Paros, Syros, Tinos",126.3
Kriti,634.49
Irakleio,314.26
Lasithi,73.26
Rethymni,87.51
Chania,159.45
Voreia Elláda,"3,035.79"
"Anatoliki Makedonia, Thraki",592.78
Evros,146.06
Xanthi,110.47
Rodopi,109.06
Drama,95.79
"Thasos, Kavala",131.4
Kentriki Makedonia,"1,852.10"
Imathia,140.33
Thessaloniki,"1,092.74"
Kilkis,79.31
Pella,134.93
Pieria,130.96
Serres,163.96
Chalkidiki,109.88
Dytiki Makedonia,261.11
"Grevena, Kozani",167.15
Kastoria,45.35
Florina,48.61
Ipeiros,329.8
"Arta, Preveza",118.56
Thesprotia,44.72
Ioannina,166.52
Kentriki Elláda,"2,671.83"
Thessalia,707.27
"Karditsa, Trikala",229.28
Larisa,277.51
"Magnisia, Sporades",200.48
Ionia Nisia,201.65
Zakynthos,39.42
Kerkyra,100.28
"Ithaki, Kefallinia",38.3
Lefkada,23.65
Dytiki Elláda,644.36
Aitoloakarnania,196.53
Achaia,294.06
Ileia,153.77
Sterea Elláda,551.25
Voiotia,122.23
Evvoia,211.47
Evrytania,18.29
Fthiotida,157.21
Fokida,42.05
Peloponnisos,567.31
"Argolida, Arkadia",175.06
Korinthia,146.18
"Lakonia, Messinia",246.07
Spain,"47,331.55"
Noroeste,"4,279.92"
Galicia,"2,689.12"
A Coruña,"1,117.21"
Lugo,324.31
Ourense,303.93
Pontevedra,943.67
Principado de Asturias,"1,006.81"
Asturias,"1,006.81"
Cantabria,583.98
Cantabria,583.98
Noreste,"4,513.21"
País Vasco,"2,203.45"
Araba/Álava,333.01
Gipuzkoa,722.36
Bizkaia,"1,148.08"
Comunidad Foral de Navarra,660.42
Navarra,660.42
La Rioja,319.22
La Rioja,319.22
Aragón,"1,330.12"
Huesca,224.3
Teruel,133.88
Zaragoza,971.84
Comunidad de Madrid,"6,708.07"
Comunidad de Madrid,"6,708.07"
Madrid,"6,708.07"
Centro (ES),"5,484.05"
Castilla y León,"2,375.70"
Ávila,158.86
Burgos,354.79
León,450.1
Palencia,158.26
Salamanca,326.11
Segovia,153.56
Soria,88.42
Valladolid,517.54
Zamora,168.25
Castilla-La Mancha,"2,050.59"
Albacete,385.76
Ciudad Real,491.07
Cuenca,196.33
Guadalajara,266.76
Toledo,710.67
Extremadura,"1,057.76"
Badajoz,668.61
Cáceres,389.06
Este,"13,996.32"
Cataluña,"7,743.45"
Barcelona,"5,694.26"
Girona,786.5
Lleida,438.81
Tarragona,823.87
Comunitat Valenciana,"5,072.51"
Alicante/Alacant,"1,890.23"
Castellón/Castelló,587.68
Valencia/València,"2,594.61"
Illes Balears,"1,180.36"
Eivissa y Formentera,166.95
Mallorca,916.69
Menorca,96.71
Sur,"10,173"
Andalucía,"8,482.30"
Almería,728.96
Cádiz,"1,248.60"
Córdoba,775.21
Granada,923.78
Huelva,529.33
Jaén,624.95
Málaga,"1,704.19"
Sevilla,"1,947.38"
Región de Murcia,"1,521.75"
Murcia,"1,521.75"
Ciudad de Ceuta,83.13
Ceuta,83.13
Ciudad de Melilla,85.82
Melilla,85.82
Canarias,"2,176.88"
Canarias,"2,176.88"
El Hierro,11.29
Fuerteventura,119.59
Gran Canaria,855.54
La Gomera,21.88
La Palma,83.83
Lanzarote,154.66
Tenerife,930.08
Extra-Regio NUTS 1,0
Extra-Regio NUTS 2,0
Extra-Regio NUTS 3,0
France,"68,236"
Ile de France,"12,408.21"
Ile de France,"12,408.21"
Paris,"2,138.88"
Seine-et-Marne,"1,451"
Yvelines,"1,467.86"
Essonne,"1,324.53"
Hauts-de-Seine,"1,647.90"
Seine-Saint-Denis,"1,683.78"
Val-de-Marne,"1,426.96"
Val-d'Oise,"1,267.29"
Centre — Val de Loire,"2,588.22"
Centre — Val de Loire,"2,588.22"
Cher,300.66
Eure-et-Loir,433.58
Indre,217.97
Indre-et-Loire,616.52
Loir-et-Cher,330.16
Loiret,689.33
Bourgogne-Franche-Comté,"2,815.22"
Bourgogne,"1,628.73"
Côte-d’Or,539.11
Nièvre,202.97
Saône-et-Loire,552.09
Yonne,334.55
Franche-Comté,"1,186.49"
Doubs,551.27
Jura,259.81
Haute-Saône,235.35
Territoire de Belfort,140.05
Normandie,"3,347.33"
Basse-Normandie,"1,481.75"
Calvados,705.81
Manche,498.23
Orne,277.7
Haute-Normandie,"1,865.58"
Eure,602.26
Seine-Maritime,"1,263.32"
Hauts-de-France,"6,028.22"
Nord-Pas de Calais,"4,096.10"
Nord,"2,627.16"
Pas-de-Calais,"1,468.95"
Picardie,"1,932.11"
Aisne,529.47
Oise,833.86
Somme,568.79
Grand Est,"5,595.25"
Alsace,"1,934.58"
Bas-Rhin,"1,162.58"
Haut-Rhin,772
Champagne-Ardenne,"1,322.98"
Ardennes,269.84
Aube,313.32
Marne,568.3
Haute-Marne,171.52
Lorraine,"2,337.70"
Meurthe-et-Moselle,736.44
Meuse,182.43
Moselle,"1,056.98"
Vosges,361.85
Pays de la Loire,"3,889.12"
Pays de la Loire,"3,889.12"
Loire-Atlantique,"1,474.33"
Maine-et-Loire,831.26
Mayenne,307.55
Sarthe,569.3
Vendée,706.68
Bretagne,"3,424.59"
Bretagne,"3,424.59"
Côtes-d’Armor,610.58
Finistère,928.85
Ille-et-Vilaine,"1,109.69"
Morbihan,775.48
Nouvelle-Aquitaine,"6,119.42"
Aquitaine,"3,549.68"
Dordogne,415.97
Gironde,"1,673.74"
Landes,427.55
Lot-et-Garonne,332.98
Pyrénées-Atlantiques,699.45
Limousin,730.69
Corrèze,241.02
Creuse,116.07
Haute-Vienne,373.6
Poitou-Charentes,"1,839.06"
Charente,352.72
Charente-Maritime,667.53
Deux-Sèvres,376.58
Vienne,442.23
Occitanie,"6,080.13"
Languedoc-Roussillon,"2,926.27"
Aude,378.67
Gard,762.71
Hérault,"1,215.96"
Lozère,76.95
Pyrénées-Orientales,491.97
Midi-Pyrénées,"3,153.87"
Ariège,155.72
Aveyron,281.33
Haute-Garonne,"1,451.93"
Gers,193.8
Lot,176.15
Hautes-Pyrénées,232.55
Tarn,396.7
Tarn-et-Garonne,265.68
Auvergne-Rhône-Alpes,"8,182.83"
Auvergne,"1,376.71"
Allier,336.49
Cantal,144.93
Haute-Loire,228.59
Puy-de-Dôme,666.71
Rhône-Alpes,"6,806.12"
Ain,669.82
Ardèche,334.25
Drôme,523.29
Isère,"1,296.18"
Loire,774.52
Rhône,"1,910.68"
Savoie,446.7
Haute-Savoie,850.69
Provence-Alpes-Côte d’Azur,"5,169.28"
Provence-Alpes-Côte d’Azur,"5,169.28"
Alpes-de-Haute-Provence,167.35
Hautes-Alpes,141.91
Alpes-Maritimes,"1,112.99"
Bouches-du-Rhône,"2,072.47"
Var,"1,105.96"
Vaucluse,568.6
Corse,350.97
Corse,350.97
Corse-du-Sud,164.7
Haute-Corse,186.27
RUP FR — Régions Ultrapériphériques Françaises,"2,237.20"
Guadeloupe,416.66
Guadeloupe,416.66
Martinique,360.95
Martinique,360.95
Guyane,289.94
Guyane,289.94
La Réunion,878.91
La Réunion,878.91
Mayotte,290.74
Mayotte,290.74
Croatia,"3,957.72"
Hrvatska,"3,957.72"
Panonska Hrvatska,"1,127.95"
Bjelovarsko-bilogorska županija,110.03
Virovitičko-podravska županija,77.97
Požeško-slavonska županija,71.63
Brodsko-posavska županija,146.04
Osječko-baranjska županija,281
Vukovarsko-srijemska županija,165.04
Karlovačka županija,118.34
Sisačko-moslavačka županija,157.91
Jadranska Hrvatska,"1,306.05"
Primorsko-goranska županija,273.88
Ličko-senjska županija,46.7
Zadarska županija,157.91
Šibensko-kninska županija,100.13
Splitsko-dalmatinska županija,421.1
Istarska županija,192.74
Dubrovačko-neretvanska županija,113.59
Grad Zagreb,733.36
Grad Zagreb,733.36
Sjeverna Hrvatska,790.36
Međimurska županija,105.27
Varaždinska županija,162.27
Koprivničko-križevačka županija,106.46
Krapinsko-zagorska županija,122.29
Zagrebačka županija,294.06
Torino,"2,213.80"
Vercelli,166.3
Biella,170.4
Verbano-Cusio-Ossola,154.6
Novara,362.4
Cuneo,581
Asti,208.8
Alessandria,408.3
Valle d’Aosta/Vallée d’Aoste,123.7
Imperia,209
Savona,268.9
Genova,820.5
La Spezia,215.5
Varese,878.9
Como,595.7
Lecco,333
Sondrio,178.8
Bergamo,"1,103.30"
Brescia,"1,254.40"
Pavia,535.2
Lodi,227.3
Cremona,351.9
Mantova,405.3
Milano,"3,228.30"
Monza e della Brianza,870.3
L’Aquila,289.9
Teramo,300.4
Pescara,313.8
Chieti,374.4
Isernia,81
Campobasso,212.2
Caserta,903.5
Benevento,265.9
Napoli,"2,987.50"
Avellino,402.2
Salerno,"1,065.20"
Taranto,560.9
Brindisi,381.6
Lecce,775.8
Foggia,600.7
Bari,"1,228.50"
Barletta-Andria-Trani,380.9
Potenza,351
Matera,192.1
Cosenza,675.2
Crotone,163.8
Catanzaro,344.1
Vibo Valentia,151.9
Reggio Calabria,523
Trapani,417.7
Palermo,"1,209"
Messina,603.6
Agrigento,416
Caltanissetta,252.7
Enna,157.2
Catania,"1,075.80"
Ragusa,315.5
Siracusa,386
Sassari,476.5
Nuoro,200.9
Cagliari,421.6
Oristano,152
Sud Sardegna,337.7
Bolzano-Bozen,533.8
Trento,541.6
Verona,925.9
Vicenza,853.6
Belluno,199.2
Treviso,879.2
Venezia,840.2
Padova,930.9
Rovigo,229.8
Pordenone,310.1
Udine,519.7
Gorizia,138.5
Trieste,229.8
Piacenza,283.6
Parma,449.3
Reggio nell’Emilia,526.4
Modena,702.7
Bologna,"1,013.20"
Ferrara,340.8
Ravenna,386.1
Forlì-Cesena,392
Rimini,339.3
Massa-Carrara,189.2
Lucca,383.2
Pistoia,289.8
Firenze,992.9
Prato,261.7
Livorno,328.1
Pisa,417.5
Arezzo,335.7
Siena,262.5
Grosseto,217.4
Perugia,643
Terni,219.1
Pesaro e Urbino,350.3
Ancona,463.1
Macerata,306.2
Ascoli Piceno,202.9
Fermo,169
Viterbo,308.8
Rieti,151.2
Roma,"4,224.20"
Latina,566.8
Frosinone,471.6
Extra-Regio NUTS 1,0
Extra-Regio NUTS 2,0
Extra-Regio NUTS 3,0
Cyprus,900.35
Kýpros,900.35
Kýpros,900.35
Kýpros,900.35
Latvia,"1,883.01"
Latvija,"1,883.01"
Latvija,"1,883.01"
Kurzeme (NUTS 2021),234.44
Latgale,249.76
Rīga (NUTS 2021),609.73
Pieriga (NUTS 2021),381.05
Vidzeme (NUTS 2021),181.94
Zemgale,226.09
Lithuania,"2,808.38"
Lietuva,"2,808.38"
Sostinės regionas,814.37
Vilniaus apskritis,814.37
Vidurio ir vakarų Lietuvos regionas,"1,994.01"
Alytaus apskritis,136.72
Kauno apskritis,569.57
Klaipėdos apskritis,323.27
Marijampolės apskritis,137.36
Panevėžio apskritis,214.47
Šiaulių apskritis,261.68
Tauragės apskritis,91.78
Telšių apskritis,132.53
Utenos apskritis,126.61
Luxembourg,640.06
Luxembourg,640.06
Luxembourg,640.06
Luxembourg,640.06
Budapest,"1,715.34"
Pest,"1,317.42"
Fejér,418.63
Komárom-Esztergom,299.11
Veszprém,340.2
Győr-Moson-Sopron,478.81
Vas,253.46
Zala,264.72
Baranya,355.58
Somogy,299.87
Tolna,212.26
Borsod-Abaúj-Zemplén,629.6
Heves,290.95
Nógrád,186.61
Hajdú-Bihar,525.22
Jász-Nagykun-Szolnok,361.99
Szabolcs-Szatmár-Bereg,542.24
Bács-Kiskun,498.84
Békés,324.67
Csongrád-Csanád,394.37
Extra-Regio NUTS 1,0
Extra-Regio NUTS 2,0
Extra-Regio NUTS 3,0
Malta,518.68
Malta,518.68
Malta,518.68
Malta,479.53
Gozo and Comino/Għawdex u Kemmuna,39.15
Extra-Regio NUTS 1,0
Extra-Regio NUTS 2,0
Extra-Regio NUTS 3,0
Oost-Groningen (NUTS 2021),136
Delfzijl en omgeving,45
Overig Groningen (NUTS 2021),407
Noord-Friesland (NUTS 2021),322
Zuidwest-Friesland (NUTS 2021),142
Zuidoost-Friesland,188
Noord-Drenthe,193
Zuidoost-Drenthe,168
Zuidwest-Drenthe,135
Noord-Overijssel,379
Zuidwest-Overijssel,158
Twente,633
Veluwe,704
Zuidwest-Gelderland,250
Achterhoek,403
Arnhem/Nijmegen,747
Flevoland,431
Utrecht (NUTS 2021),"1,331"
Kop van Noord-Holland,380
IJmond,199
Agglomeratie Haarlem (NUTS 2021),231
Zaanstreek,173
Het Gooi en Vechtstreek,260
Alkmaar en omgeving,252
Groot-Amsterdam (NUTS 2021),"1,404"
Agglomeratie 's-Gravenhage (NUTS 2021),892
Delft en Westland (NUTS 2021),235
Agglomeratie Leiden en Bollenstreek (NUTS 2021),433
Zuidoost-Zuid-Holland (NUTS 2021),409
Oost-Zuid-Holland (NUTS 2021),339
Groot-Rijnmond (NUTS 2021),"1,466"
Zeeuwsch-Vlaanderen,105
Overig Zeeland,281
West-Noord-Brabant,639
Midden-Noord-Brabant (NUTS 2021),488
Noordoost-Noord-Brabant (NUTS 2021),669
Zuidoost-Noord-Brabant,788
Noord-Limburg,284
Midden-Limburg,239
Zuid-Limburg,594
Extra-Regio NUTS 1,0
Extra-Regio NUTS 2,0
Extra-Regio NUTS 3,0
Austria,"8,951.52"
Ostösterreich,"3,915.54"
Burgenland,296.7
Mittelburgenland,37.45
Nordburgenland,162.2
Südburgenland,97.05
Niederösterreich,"1,695.01"
Mostviertel-Eisenwurzen,247.91
Niederösterreich-Süd,262.97
Sankt Pölten,157.5
Waldviertel,215.79
Weinviertel,125.96
Wiener Umland/Nordteil,337
Wiener Umland/Südteil,347.89
Wien,"1,923.83"
Wien,"1,923.83"
Südösterreich,"1,812.45"
Kärnten,563.18
Klagenfurt-Villach,291.6
Oberkärnten,123.4
Unterkärnten,148.17
Steiermark,"1,249.28"
Graz,450.55
Liezen,79.62
Östliche Obersteiermark,157.11
Oststeiermark,265.76
West- und Südsteiermark,197.59
Westliche Obersteiermark,98.65
Westösterreich,"3,223.52"
Oberösterreich,"1,500.04"
Innviertel,292.09
Linz-Wels,599.81
Mühlviertel,211.02
Steyr-Kirchdorf,156.33
Traunviertel,240.79
Salzburg,561.42
Lungau,20.14
Pinzgau-Pongau,169.84
Salzburg und Umgebung,371.43
Tirol,761.6
Außerfern,33.14
Innsbruck,312.8
Osttirol,48.84
Tiroler Oberland,105.52
Tiroler Unterland,261.3
Vorarlberg,400.47
Bludenz-Bregenzer Wald,92.93
Rheintal-Bodenseegebiet,307.54
Extra-Regio NUTS 1,0
Extra-Regio NUTS 2,0
Poland,"38,162"
Makroregion południowy,"7,881.16"
Małopolskie,"3,408.48"
Miasto Kraków,780.8
Krakowski,740.3
Tarnowski,459.4
Nowosądecki,540.8
Nowotarski,342.9
Oświęcimski,544.4
Śląskie,"4,472.68"
Częstochowski,503.7
Bielski,664
Rybnicki,627.6
Bytomski,433.3
Gliwicki,461
Katowicki,720.2
Sosnowiecki,665.8
Tyski,397.1
Makroregion północno-zachodni,"6,176.57"
Wielkopolskie,"3,491.38"
Pilski,406.7
Koniński,652.1
Miasto Poznań,530.5
Kaliski,664.2
Leszczyński,556
Poznański,682
Zachodniopomorskie,"1,681.99"
Miasto Szczecin,396.5
Koszaliński,353.9
Szczecinecko-pyrzycki,419.6
Szczeciński,512
Lubuskie,"1,003.19"
Gorzowski,380.9
Zielonogórski,622.2
Makroregion południowo-zachodni,"3,857.28"
Dolnośląskie,"2,883.98"
Miasto Wrocław,641.2
Jeleniogórski,551.9
Legnicko-głogowski,444.1
Wałbrzyski,637
Wrocławski,609.9
Opolskie,973.29
Nyski,364.8
Opolski,608.5
Makroregion północny,"5,810.87"
Kujawsko-pomorskie,"2,054.19"
Bydgosko-toruński,770.7
Grudziądzki,385.1
Inowrocławski,358.3
Świecki,187.2
Włocławski,352.8
Warmińsko-mazurskie,"1,410.59"
Elbląski,518.5
Olsztyński,606.9
Ełcki,285.2
Pomorskie,"2,346.09"
Trójmiejski,749.8
Gdański,607.9
Słupski,332.9
Chojnicki,226.1
Starogardzki,429.4
Makroregion centralny,"3,644.88"
Łódzkie,"2,426.79"
Miasto Łódź,667.9
Łódzki,387.4
Piotrkowski,576.1
Sieradzki,440.6
Skierniewicki,354.8
Świętokrzyskie,"1,218.09"
Kielecki,749
Sandomiersko-jędrzejowski,469.1
Makroregion wschodni,"5,371.37"
Lubelskie,"2,086.39"
Bialski,296.1
Chełmsko-zamojski,609.9
Lubelski,710.3
Puławski,470.2
Podkarpackie,"2,115.59"
Krośnieński,475.7
Przemyski,384.4
Rzeszowski,646.6
Tarnobrzeski,608.9
Podlaskie,"1,169.39"
Białostocki,513.2
Łomżyński,388
Suwalski,268.2
Makroregion województwo mazowieckie,"5,419.97"
Warszawski stołeczny,"3,103.48"
Miasto Warszawa,"1,792.69"
Warszawski wschodni,653.7
Warszawski zachodni,657.1
Mazowiecki regionalny,"2,316.49"
Radomski,601.8
Ciechanowski,336.3
Płocki,323.7
Ostrołęcki,381.5
Siedlecki,415.8
Żyrardowski,257.4
Portugal,"10,294.59"
Continente,"9,798.40"
Norte,"3,565.39"
Alto Minho,228.71
Cávado,403.9
Ave,409.81
Área Metropolitana do Porto,"1,728.94"
Alto Tâmega e Barroso,85.33
Tâmega e Sousa,412.96
Douro,189.47
Terras de Trás-os-Montes,106.27
Algarve,436.78
Algarve,436.78
Centro (PT) (NUTS 2021),"2,230.98"
Oeste (NUTS 2021),363.4
Região de Aveiro (NUTS 2021),368.12
Região de Coimbra (NUTS 2021),435.61
Região de Leiria (NUTS 2021),287.11
Viseu Dão Lafões (NUTS 2021),252.67
Beira Baixa (NUTS 2021),79.88
Médio Tejo (NUTS 2021),233.32
Beiras e Serra da Estrela (NUTS 2021),210.88
Área Metropolitana de Lisboa (NUTS 2021),"2,866.71"
Área Metropolitana de Lisboa (NUTS 2021),"2,866.71"
Alentejo (NUTS 2021),698.55
Alentejo Litoral (NUTS 2021),93.22
Baixo Alentejo (NUTS 2021),115.13
Lezíria do Tejo (NUTS 2021),236.95
Alto Alentejo (NUTS 2021),102.67
Alentejo Central (NUTS 2021),150.58
Região Autónoma dos Açores,242.2
Região Autónoma dos Açores,242.2
Região Autónoma dos Açores,242.2
Região Autónoma da Madeira,253.98
Região Autónoma da Madeira,253.98
Região Autónoma da Madeira,253.98
Bihor,554.76
Bistriţa-Năsăud,285.9
Cluj,696.75
Maramureş,453.27
Satu Mare,329.92
Sălaj,210.28
Alba,323.41
Braşov,550.85
Covasna,200.08
Harghita,295.45
Mureş,524.25
Sibiu,394.65
Bacău,587.6
Botoşani,381.56
Iaşi,780.31
Neamţ,442.61
Suceava,630.54
Vaslui,370.63
Brăila,280.53
Buzău,403.87
Constanţa,662.12
Galaţi,495.18
Tulcea,191.24
Vrancea,324.3
Argeş,567.4
Călăraşi,279.94
Dâmboviţa,480.95
Giurgiu,260.73
Ialomiţa,251.28
Prahova,699.03
Teleorman,323.3
Bucureşti,"1,773.25"
Ilfov,524.57
Dolj,607.86
Gorj,310.59
Mehedinţi,235.14
Olt,383.86
Vâlcea,343.88
Arad,411.75
Caraş-Severin,256.4
Hunedoara,367.32
Timiş,678.96
Slovenia,"2,107.73"
Slovenija,"2,107.73"
Vzhodna Slovenija,"1,103.59"
Pomurska,114.58
Podravska,327.69
Koroška,70.66
Savinjska,258.77
Zasavska,56.94
Posavska,75.76
Jugovzhodna Slovenija,145.93
Primorsko-notranjska,53.28
Zahodna Slovenija,"1,004.14"
Osrednjeslovenska,555.63
Gorenjska,211.57
Goriška,118.4
Obalno-kraška,118.53
Slovakia,"5,440.66"
Slovensko,"5,440.66"
Bratislavský kraj,721.42
Bratislavský kraj,721.42
Západné Slovensko,"1,815.75"
Trnavský kraj,565.37
Trenčiansky kraj,575.43
Nitriansky kraj,674.95
Stredné Slovensko,"1,313.98"
Žilinský kraj,690.73
Banskobystrický kraj,623.25
Východné Slovensko,"1,589.51"
Prešovský kraj,808.46
Košický kraj,781.05
Finland,"5,541.50"
Manner-Suomi,"5,511.26"
Länsi-Suomi,"1,380.67"
Keski-Suomi (NUTS 2021),274.83
Etelä-Pohjanmaa (NUTS 2021),187.5
Pohjanmaa (NUTS 2021),180.42
Satakunta,214.87
Pirkanmaa (NUTS 2021),523.05
Helsinki-Uusimaa,"1,708.86"
Helsinki-Uusimaa,"1,708.86"
Etelä-Suomi,"1,147"
Varsinais-Suomi,482.48
Kanta-Häme,170.41
Päijät-Häme (NUTS 2021),198.87
Kymenlaakso (NUTS 2021),168.71
Etelä-Karjala,126.53
Pohjois- ja Itä-Suomi,"1,274.74"
Etelä-Savo (NUTS 2021),140.03
Pohjois-Savo (NUTS 2021),243.68
Pohjois-Karjala (NUTS 2021),160.26
Keski-Pohjanmaa,67.96
Lappi,176.6
Kainuu,71.47
Pohjois-Pohjanmaa,414.75
Åland,30.24
Åland,30.24
Åland,30.24
Stockholms län,"2,403.96"
Uppsala län,391.99
Södermanlands län,300.99
Östergötlands län,467.99
Örebro län,305.99
Västmanlands län,277.99
Jönköpings län,364.99
Kronobergs län,203
Kalmar län,247
Gotlands län,61
Blekinge län,159
Skåne län,"1,395.97"
Hallands län,337.99
Västra Götalands län,"1,739.97"
Värmlands län,282.99
Dalarnas län,287.99
Gävleborgs län,287.99
Västernorrlands län,244
Jämtlands län,132
Västerbottens län,274
Norrbottens län,250
Norway,"5,408"
Norge,"5,408"
Innlandet,371
Innlandet,371
Trøndelag,473
Trøndelag/Trööndelage,473
Nord-Norge,482
Nordland/Nordlánnda,240
Troms og Finnmark/Romsa ja Finnmárku/Tromssa ja Finmarkku,242
Oslo og Viken,"1,959"
Oslo,698
Viken,"1,261"
Agder og Sør-Østlandet,733
Vestfold og Telemark,423
Agder,310
Vestlandet,"1,390"
Rogaland,484
Vestland,640
Møre og Romsdal,266
Svalbard og Jan Mayen,0
Svalbard,0
Extra-Regio level 1,0
Extra-Regio level 2,0
Extra-Regio level 3,0
Switzerland,"8,705"
Schweiz/Suisse/Svizzera,:
Région lémanique,:
Vaud,:
Valais / Wallis,:
Genève,:
Espace Mittelland,:
Bern / Berne,:
Fribourg / Freiburg,:
Solothurn,:
Neuchâtel,:
Jura,:
Nordwestschweiz,:
Basel-Stadt,:
Basel-Landschaft,:
Aargau,:
Zürich,:
Zürich,:
Ostschweiz,:
Glarus,:
Schaffhausen,:
Appenzell Ausserrhoden,:
Appenzell Innerrhoden,:
St. Gallen,:
Graubünden / Grigioni / Grischun,:
Thurgau,:
Zentralschweiz,:
Luzern,:
Uri,:
Schwyz,:
Obwalden,:
Nidwalden,:
Zug,:
Ticino,:
Ticino,:
Montenegro,619.21
Crna Gora,619.21
Crna Gora,619.21
Crna Gora,619.21
North Macedonia,"1,837.11"
Severna Makedonija,"1,837.11"
Severna Makedonija,"1,837.11"
Vardarski,138.84
Istočen,150.16
Jugozapaden,177.68
Jugoistočen,148.52
Pelagoniski,210.5
Pološki,252.11
Severoistočen,153.12
Skopski,606.18
Albania,"2,811.67"
Shqipëria,"2,811.67"
Veri,790.96
Dibër,111.63
Durrës,291.68
Kukës,73.58
Lezhë,118.98
Shkodër,195.09
Qender,"1,178.53"
Elbasan,262.68
Tiranë,915.85
Jug,842.18
Berat,117.25
Fier,282.21
Gjirokastër,56.66
Korçë,199.75
Vlorë,186.32
Serbia,"6,834.33"
Srbija - sever,"3,514.65"
Beogradski region,"1,688.67"
Region Vojvodine,"1,825.98"
Srbija - jug,"3,319.68"
Region Sumadije i Zapadne Srbije,"1,867.55"
Zlatiborska oblast,259.18
Kolubarska oblast,158.58
Macvanska oblast,270.84
Moravicka oblast,194.07
Pomoravska oblast,191.26
Rasinska oblast,215.63
Raska oblast,302.04
Sumadijska oblast,275.94
Region Juzne i Istocne Srbije,"1,452.13"
Borska oblast,106.97
Branicevska oblast,160.07
Zajecarska oblast,102.22
Jablanicka oblast,193.36
Nisavska oblast,354.1
Pirotska oblast,81.17
Podunavska oblast,180.4
Pcinjska oblast,193.07
Toplicka oblast,80.77
Türkiye,"84,147"
İstanbul,"15,651.62"
İstanbul,"15,651.62"
İstanbul,"15,651.62"
Batı Marmara,"3,666.07"
"Tekirdağ, Edirne, Kırklareli","1,871.21"
Tekirdağ,"1,097.23"
Edirne,409.94
Kırklareli,364.05
"Balıkesir, Çanakkale","1,794.85"
Balıkesir,"1,245.44"
Çanakkale,549.41
Ege,"10,736.84"
İzmir,"4,410.22"
İzmir,"4,410.22"
"Aydın, Denizli, Muğla","3,183.49"
Aydın,"1,126.55"
Denizli,"1,045.98"
Muğla,"1,010.95"
"Manisa, Afyonkarahisar, Kütahya, Uşak","3,143.13"
Manisa,"1,453.62"
Afyonkarahisar,740.54
Kütahya,577.66
Uşak,371.31
Doğu Marmara,"8,308.29"
"Bursa, Eskişehir, Bilecik","4,241.93"
Bursa,"3,124.81"
Eskişehir,893.6
Bilecik,223.52
"Kocaeli, Sakarya, Düzce, Bolu, Yalova","4,066.36"
Kocaeli,"2,015.34"
Sakarya,"1,051.76"
Düzce,398.33
Bolu,317.41
Yalova,283.52
Batı Anadolu,"8,225.69"
Ankara,"5,705.30"
Ankara,"5,705.30"
"Konya, Karaman","2,520.39"
Konya,"2,263.51"
Karaman,256.88
Akdeniz,"10,823.95"
"Antalya, Isparta, Burdur","3,297.45"
Antalya,"2,584.06"
Isparta,442.99
Burdur,270.4
"Adana, Mersin","4,140.98"
Adana,"2,261.04"
Mersin,"1,879.94"
"Hatay, Kahramanmaraş, Osmaniye","3,385.52"
Hatay,"1,665.01"
Kahramanmaraş,"1,169.73"
Osmaniye,550.78
Orta Anadolu,"4,098.44"
"Kırıkkale, Aksaray, Niğde, Nevşehir, Kırşehir","1,615.74"
Kırıkkale,277.33
Aksaray,426.04
Niğde,362.9
Nevşehir,306.48
Kırşehir,242.99
"Kayseri, Sivas, Yozgat","2,482.70"
Kayseri,"1,427.90"
Sivas,636
Yozgat,418.8
Batı Karadeniz,"4,652.62"
"Zonguldak, Karabük, Bartın","1,037.24"
Zonguldak,590.44
Karabük,246.45
Bartın,200.34
"Kastamonu, Çankırı, Sinop",787.89
Kastamonu,375.98
Çankırı,194.47
Sinop,217.43
"Samsun, Tokat, Çorum, Amasya","2,827.50"
Samsun,"1,363.67"
Tokat,600.21
Çorum,528.2
Amasya,335.41
Doğu Karadeniz,"2,685.30"
"Trabzon, Ordu, Giresun, Rize, Artvin, Gümüşhane","2,685.30"
Trabzon,814.29
Ordu,761.13
Giresun,449.44
Rize,345.01
Artvin,169.52
Gümüşhane,145.91
Kuzeydoğu Anadolu,"2,187.77"
"Erzurum, Erzincan, Bayburt","1,076.95"
Erzurum,757.58
Erzincan,235.89
Bayburt,83.48
"Ağrı, Kars, Iğdır, Ardahan","1,110.82"
Ağrı,530.04
Kars,283
Iğdır,202.24
Ardahan,95.55
Ortadoğu Anadolu,"3,945.77"
"Malatya, Elazığ, Bingöl, Tunceli","1,761.43"
Malatya,807.42
Elazığ,588.02
Bingöl,282.44
Tunceli,83.54
"Van, Muş, Bitlis, Hakkari","2,184.34"
Van,"1,145.17"
Muş,408.17
Bitlis,351.63
Hakkari,279.36
Güneydoğu Anadolu,"9,164.65"
"Gaziantep, Adıyaman, Kilis","2,892.40"
Gaziantep,"2,115.79"
Adıyaman,632.3
Kilis,144.31
"Şanlıurfa, Diyarbakır","3,916.53"
Şanlıurfa,"2,129.13"
Diyarbakır,"1,787.40"
"Mardin, Batman, Şırnak, Siirt","2,355.73"
Mardin,858.73
Batman,623.3
Şırnak,542.17
Siirt,331.52
